Timestamp,Price
1671091319356,1287.9919256837775
1671094913161,1286.4744330688593
1671098414082,1287.308872729154
1671102105758,1287.9398373870677
1671105714950,1291.6617223218193
1671109300545,1286.5691726254104
1671112907049,1273.8646587895407
1671116635874,1268.9331573155769
1671120073324,1269.5011666605997
1671123726651,1269.9731469606909
1671127319444,1269.777593889284
1671130875578,1270.076776318476
1671134521047,1275.3085295478697
1671138013437,1274.0155639143347
1671141650970,1266.0306566272216
1671145375012,1262.6523156559706
1671148908104,1264.7185220307224
1671152466474,1272.4370101643856
1671156013124,1270.0397777929504
1671159705468,1270.778635024811
1671163355108,1272.2009714287528
1671166864481,1270.2892291874773
1671170448052,1270.773265885056
1671174003029,1270.9424235574752
1671177708245,1276.7387813573478
1671181206390,1255.693632440825
1671184906822,1213.5952573453937
1671188437975,1210.1698630362444
1671192065666,1213.466002043334
1671195766888,1213.1830551478652
1671199328013,1208.276049374951
1671202914501,1215.5065411537366
1671206516578,1205.526669300187
1671210117422,1187.8450808719099
1671213647222,1193.4751755917441
1671217200919,1196.252392127285
1671220928774,1202.5728173289324
1671224520662,1205.9437341178957
1671228119903,1195.892098764483
1671231719300,1181.9853751507364
1671235304981,1168.3884138173034
1671238815545,1174.4840615603814
1671242620615,1171.7983620620025
1671246297908,1173.6913244858156
1671249737589,1176.3106518691354
1671253511472,1179.8883645882668
1671256838042,1177.4079752672644
1671260561146,1180.889077021197
1671264034238,1182.6293187880417
1671267786536,1181.1067550123798
1671271351842,1177.4496562183708
1671275087544,1184.8164059263834
1671278467356,1181.1160918280118
1671282082257,1179.6718498828072
1671285891007,1178.7981367668563
1671289393288,1178.0879281081009
1671292848087,1181.8472663623338
1671296723767,1179.4575569846909
1671300239626,1174.8869019741785
1671303896339,1178.2593632573582
1671307246780,1176.83438549374
1671310917933,1177.8851983858951
1671314652900,1179.1635520653758
1671318289775,1183.7599726889966
1671321860977,1187.2727809512648
1671325279981,1185.6400873403593
1671328866406,1183.2247331052693
1671332476118,1186.4575665493408
1671336051038,1186.7746938991693
1671339695275,1191.8643048994352
1671343308086,1188.1592655799495
1671346827843,1185.9581858311874
1671350423605,1187.4901847087333
1671354013222,1187.9004942468998
1671357705346,1180.27405046196
1671361307957,1181.3538978100203
1671364822700,1182.7859186522462
1671368564187,1183.4017052383892
1671372164398,1179.7161965583766
1671375705341,1177.074461483433
1671379202598,1176.0381031322906
1671382914384,1178.739412336368
1671386508791,1179.5385257884545
1671390144906,1177.96386102052
1671393684821,1183.3123657672809
1671397234852,1185.4732439395766
1671400929881,1183.4024256828138
1671404496872,1190.2539627261935
1671408089265,1183.06208665165
1671411676812,1190.8298885451975
1671415206301,1191.4754905076622
1671418938053,1184.6138002266966
1671422552118,1179.2775657338789
1671426068566,1183.757876752389
1671429779847,1179.4807196846232
1671433301491,1183.235769849912
1671436965582,1179.9006500469957
1671440533223,1184.552506681032
1671444109153,1185.3836942573416
1671447669664,1186.9567076771432
1671451241006,1184.2014823424795
1671454884706,1187.9260727383103
1671458491069,1184.5450679994797
1671462061618,1182.868227018344
1671465606048,1182.9728603042727
1671469267808,1175.997233685185
1671472909314,1172.9515446750677
1671476509651,1169.0447301262193
1671480096756,1170.8337290702889
1671483621602,1176.3011823662712
1671487265909,1176.2920520281305
1671490858831,1161.8817233822213
1671494517902,1168.7022149270513
1671498048827,1173.1792606190963
1671501655270,1187.527941650674
1671505229443,1196.1206702040713
1671508868360,1192.299303358462
1671512403106,1209.8912254574425
1671516031874,1209.4069959119076
1671519676539,1213.3264396831362
1671523298512,1208.685840578701
1671526847695,1210.844549991074
1671530438756,1209.1304405492676
1671534073673,1208.7677648739345
1671537663679,1213.1819711129378
1671541293962,1214.6070816287363
1671544840196,1211.540234549542
1671548464322,1218.6190393880374
1671552056845,1219.4333367258498
1671555613325,1213.8457068023788
1671559270451,1211.959974644434
1671562861485,1215.8692449153575
1671566515508,1216.9141254235562
1671570059909,1212.1638078412561
1671573687961,1216.2002872896066
1671577261667,1216.9712883145846
1671580905551,1218.6206878905346
1671584431779,1209.3652196942742
1671588016246,1212.8628507659487
1671591627459,1211.4691653976056
1671595312389,1211.362518757394
1671598885499,1207.968830475182
1671602465611,1211.3697912904324
1671606031849,1212.5270220875432
1671609717609,1212.0160153011827
1671613202562,1214.0342705221606
1671616902588,1216.0105011472745
1671620443038,1217.2119954988132
1671624067501,1217.0603020458614
1671627639626,1214.7174614052433
1671631314190,1214.666965852105
1671634839430,1213.1934536645556
1671638509963,1216.5123415913745
1671642026029,1212.9437589861138
1671645716668,1211.3672629639318
1671649243451,1211.307603140883
1671652910363,1208.5548364367776
1671656492962,1210.6009924660113
1671660109437,1211.955439745048
1671663713244,1210.8103707840874
1671667267399,1213.3431612255224
1671670813251,1218.368344764107
1671674450550,1213.9818516941393
1671678043720,1215.19653652319
1671681641414,1215.6963168569712
1671685328323,1214.2400621825432
1671685379403,1214.2400621825432
1671688812887,1211.967463952965
1671692497547,1211.8842831447437
1671696049072,1212.8681797131758
1671699711482,1215.9806886578942
1671703309635,1218.8975581033621
1671706847647,1217.5193785721556
1671710424250,1218.6724908531437
1671714022940,1216.3152282175768
1671717663430,1209.8297911854052
1671721219777,1194.7416734471858
1671724814745,1187.9792780716036
1671728432203,1190.0086826008608
1671732065329,1188.5805118548922
1671735683833,1189.9857001089508
1671739311958,1194.67570103689
1671742831041,1215.969432910538
1671746424057,1215.0775429280116
1671750062665,1216.176108492704
1671753665973,1218.1279900847974
1671757250329,1216.6440578901093
1671760867159,1217.5775730959997
1671764500082,1223.3976586365013
1671768027487,1223.8156931638714
1671771677331,1222.786714313001
1671775289067,1221.7042778655116
1671778872826,1221.9359932507855
1671782433715,1222.4008893697226
1671786004752,1219.267388233679
1671789650014,1219.0547772693433
1671793306213,1224.819000400704
1671796816804,1222.985797737563
1671800493375,1225.106340843888
1671804032816,1224.055867892258
1671807714687,1216.0494527488497
1671811260254,1219.991664765364
1671814907909,1217.798139207985
1671818480190,1219.899456355594
1671822031599,1219.4027354008128
1671825612000,1220.5648093728494
1671829218946,1220.9094786155272
1671832827692,1222.2722048267133
1671836507201,1219.8005716650093
1671840050605,1220.701744919786
1671843625093,1221.0785128077857
1671847255393,1217.456622733294
1671850848293,1217.3934414500663
1671854505658,1219.1637837685873
1671858062211,1218.4079388832408
1671861703959,1217.0037117643797
1671865200573,1217.1847441786213
1671868842577,1220.6963021351066
1671872431594,1219.2472800692296
1671876070014,1219.0254400410336
1671879602779,1218.891822370751
1671883213918,1219.9189779382136
1671886920340,1219.3661275051095
1671890404911,1219.3570601307015
1671894110603,1219.7396014140888
1671897650782,1219.6632275954285
1671901263046,1219.8845177239095
1671904887466,1220.1686444625634
1671908476800,1221.9767594949076
1671912041809,1224.5326967462831
1671915675043,1222.8920212558676
1671919203423,1219.8194264685046
1671922852669,1220.3505374568178
1671926467128,1221.0825967667047
1671930104087,1221.940930765363
1671933661526,1222.4479723205332
1671937259560,1220.731568893723
1671940814846,1222.1190109552722
1671944464591,1220.566986093138
1671948059708,1218.9261189143306
1671951659578,1220.0893650485732
1671955251503,1220.3096719602545
1671958801125,1220.8230058013723
1671962481183,1221.8101179251373
1671966065876,1219.7476055301759
1671969709334,1218.8581621592339
1671973299317,1219.196441124349
1671976864944,1218.4020237280863
1671980504775,1209.6403174441193
1671984030942,1212.5105426260095
1671987704026,1212.586977339884
1671991287253,1210.5159247036665
1671994909383,1210.170522573819
1671998413704,1207.6484583867982
1672002066508,1206.1650906438888
1672005634092,1218.2900972027542
1672009311922,1217.2614128838457
1672012833895,1219.5089638236643
1672016506291,1219.2109580461045
1672020016679,1221.129692298342
1672023654046,1221.8337525129866
1672027438336,1221.1411867255308
1672030854089,1220.7495066083995
1672034446798,1220.3950952698763
1672038036686,1219.007002282334
1672041713987,1220.8832914971815
1672045255160,1219.8603856910747
1672048916306,1220.4854153385247
1672052501954,1220.166853686562
1672056110472,1220.5428275564511
1672059645098,1220.0846124999725
1672063226390,1215.9565321469156
1672066912694,1216.809995024314
1672070417357,1215.9829192622826
1672074103146,1217.2087742674362
1672077687294,1215.500373976211
1672081287728,1214.1536904199877
1672084923053,1217.7068428385548
1672088517192,1217.5644094392533
1672092105033,1217.3727064398465
1672095707501,1218.8144523194715
1672099252070,1226.026837956892
1672102909241,1224.4388175733054
1672106437653,1223.1868904317132
1672110051032,1225.3606814568634
1672113678660,1223.262956498339
1672117308322,1224.2294298395332
1672120875718,1223.278169795921
1672124443002,1223.4229993433225
1672128069733,1222.1155860225115
1672131664957,1218.0894507478833
1672135283881,1222.755346668305
1672138801636,1221.5313024849486
1672142513019,1219.7231996353703
1672146039826,1216.4670916965993
1672149615006,1217.7848116472
1672153293931,1210.7301255975237
1672156827353,1210.7217266413277
1672160508849,1210.6249909670687
1672164114894,1206.494874344179
1672167626823,1207.599437474195
1672171307632,1209.2356304671027
1672174912636,1209.759452436409
1672178471045,1212.6287135788464
1672182065538,1212.3933867274627
1672185705683,1211.819562063861
1672189277110,1208.6213863483006
1672192842650,1209.4330652290228
1672196425589,1207.2673428903197
1672200112381,1198.217788781504
1672203679926,1198.4875977279014
1672207246421,1190.0816403869178
1672210892949,1193.4675489135627
1672214598912,1195.003961102914
1672214624110,1195.003961102914
1672218105707,1195.1682875485503
1672221770585,1196.0373624423432
1672225216142,1195.760249512274
1672228846665,1196.442664293399
1672232466881,1194.7604397184623
1672236095692,1195.125405243565
1672239628595,1203.0998217804772
1672243376624,1189.1067111671784
1672246851398,1192.9210409312627
1672250504911,1195.9936030570425
1672254101576,1197.6756219261385
1672257712804,1193.6459053267556
1672261304760,1194.4839550795107
1672264863239,1186.67433764742
1672268428364,1185.688975055951
1672272061893,1189.8644123131528
1672275639644,1193.541353160724
1672279308737,1191.6151038292066
1672282908098,1190.522363567943
1672286509596,1194.0617047955188
1672290179847,1195.3532577099577
1672293651632,1195.318166675454
1672297307387,1193.6629606678587
1672300809384,1194.7829826758234
1672304427904,1192.0006242460847
1672308109740,1199.0404274774844
1672311648990,1199.5114015326535
1672315254408,1199.2362667360935
1672318820325,1198.996002621664
1672322514255,1202.0605626178074
1672326033973,1202.3998196431166
1672329648110,1202.1435829648221
1672333323084,1203.2854017133518
1672336844636,1198.2083331469366
1672340460815,1199.8188617055487
1672344068500,1198.7323026367249
1672347728657,1197.723083593487
1672351312049,1195.4510385091485
1672354924038,1198.8462751780098
1672358522270,1201.5953341447441
1672362117245,1200.513533186028
1672365686386,1196.715242411069
1672369312216,1196.2963732349415
1672372919395,1198.2268000510433
1672376447992,1197.8902109055566
1672380089111,1193.7998535160434
1672383719041,1194.1504180642837
1672387318398,1188.344633043448
1672390922473,1191.1406327564366
1672394486351,1193.0899869358368
1672398113664,1192.0358749010672
1672401714101,1192.050386900695
1672405230045,1193.187155316467
1672408842314,1190.534927631542
1672412446267,1191.8132801210045
1672416102167,1195.3490666544456
1672419632124,1195.2304044171465
1672423286178,1194.5331734173672
1672426914762,1198.247114213878
1672430400835,1195.8855549046636
1672434092779,1197.547241092519
1672437713332,1198.648644205085
1672441207757,1198.8917238750767
1672444972041,1199.4291454296608
1672448450682,1198.1742241218258
1672452107933,1196.435848415897
1672455677626,1197.2371657154456
1672459237276,1194.6978491216437
1672462929910,1195.4534332583319
1672466519952,1194.0293339718405
1672470122742,1195.1575663769725
1672473718824,1196.9095341550155
1672477259685,1195.9298869851896
1672480800806,1196.558035556339
1672484519112,1198.4901715679916
1672488114908,1197.80027265478
1672491666735,1198.5736953140297
1672495379454,1201.4848926239165
1672498979914,1204.5202677704349
1672502519625,1203.4888315990506
1672506117537,1203.5428559232787
1672509652554,1200.8013303594985
1672513373662,1199.8607954365655
1672516897967,1202.9887095939162
1672520501132,1202.860810033562
1672524120561,1200.1120494301465
1672527659438,1196.8320084757731
1672531273001,1196.4449242192643
1672534912004,1195.4975617417288
1672538478101,1196.3839082695577
1672542171671,1196.158216766689
1672545718673,1194.4660435917529
1672549316373,1192.875632170146
1672552964877,1194.603943873347
1672556575782,1195.1077715090678
1672560108998,1195.9849820758202
1672563711822,1194.660052651845
1672567242092,1195.900640765033
1672570917280,1196.6791399476313
1672574521989,1196.7830082607761
1672578126365,1197.710016631946
1672581666864,1195.2998061334815
1672585310883,1194.4306701117814
1672588887725,1196.7561351366774
1672592475523,1197.8787726018174
1672596116903,1201.0599384669958
1672599730736,1201.0274110663204
1672603320646,1201.9261396094957
1672606914010,1201.8229191412172
1672610499385,1202.6788468761226
1672614109864,1201.034450683777
1672617716995,1200.9681267569927
1672621314724,1198.2963365226228
1672624849012,1195.8106004163874
1672628488139,1196.7982156121957
1672632112841,1200.491499131554
1672635697455,1201.118048076421
1672639200979,1203.2123182637295
1672642906139,1201.2515030999548
1672646508668,1213.147566776326
1672650108105,1215.1635711001193
1672653750361,1217.1657126363582
1672657228942,1217.8455622658273
1672660908515,1216.7170780733786
1672664452753,1216.6605574390373
1672668093989,1214.6806613204792
1672671714958,1215.4157554593125
1672675318352,1219.037593820324
1672678919991,1217.5993418888602
1672682485848,1216.951900845525
1672686116313,1217.7254679098291
1672689714317,1218.7064762561222
1672693316150,1218.208149472471
1672696803711,1219.0904597884494
1672700419329,1215.967548747868
1672704117928,1214.3789459253508
1672707753283,1216.2155896930335
1672711227052,1213.1405743086925
1672714811126,1214.4370442017969
1672718569762,1215.5090715216868
1672722143776,1213.8151501002517
1672725603142,1217.2505595806506
1672729323054,1217.1305388555609
1672732914817,1215.955960566522
1672736511240,1215.4463537765353
1672740018439,1218.26684268329
1672743726014,1215.8154031527995
1672747303790,1215.0914064555138
1672750853623,1214.863506149664
1672754400635,1216.9490520550632
1672758112694,1214.2229879150534
1672761650264,1211.2105956861324
1672765248568,1209.412118208376
1672768820791,1207.964184554604
1672772426089,1207.7096283452267
1672776030612,1208.9860130710965
1672779652957,1211.1353696872238
1672783320996,1211.2723425414306
1672786830147,1212.267053278783
1672790506623,1214.746563938259
1672794118971,1213.4609309435066
1672797720244,1224.4228685726887
1672801321228,1231.4137464898974
1672804880555,1249.4119462263686
1672804886842,1249.4119462263686
1672808498763,1250.3803948709426
1672812369958,1247.788636307575
1672815722613,1250.1377971078637
1672819230033,1251.5130169259705
1672822931548,1251.6904327972072
1672826427428,1249.6908884536215
1672830031928,1249.4577760550274
1672833705854,1251.8508167765215
1672837238655,1251.3127683731514
1672840810880,1253.7838399703446
1672844423305,1251.6640182202977
1672848054707,1255.3894771229668
1672851714534,1253.8789498882725
1672855327763,1262.148730468806
1672858863093,1264.4969528524816
1672862515587,1253.4568945732913
1672866096874,1251.2349379294192
1672869712156,1252.4872574859119
1672873329284,1253.5916062226715
1672876913506,1256.4366037834864
1672880456740,1255.4036957828162
1672884125554,1255.389235910968
1672887604738,1254.2532981169918
1672891314055,1252.7663670661861
1672894915523,1254.0051344942951
1672898557374,1253.3369779168027
1672902030729,1251.3527692403513
1672905710701,1250.0247043730744
1672909315379,1250.5826848950871
1672912918716,1247.6799638005414
1672916456044,1251.630617231737
1672920110158,1253.0372491785051
1672923782808,1252.936488581953
1672927317734,1250.0427237937283
1672930914167,1246.3757708431388
1672934473708,1248.6173231261191
1672938114053,1248.8926049937834
1672941712921,1248.1633006899601
1672945318692,1250.867780462499
1672948840731,1253.361869070805
1672952518777,1253.4908345264766
1672956116336,1252.3254153035537
1672959712461,1250.7946832089008
1672963309468,1250.7922522355914
1672966919335,1255.5793296644445
1672970505701,1251.7272748851592
1672974118325,1251.7193725266518
1672977708779,1252.7242221773122
1672981202669,1250.7782898797427
1672984929961,1249.2318691824705
1672988492431,1248.2649186450315
1672992048269,1247.6042538802178
1672995709238,1249.3620579658343
1672999288720,1247.9604532547003
1673002857352,1245.8844532241585
1673006525423,1244.1156254304262
1673010120064,1244.0040669596483
1673013717290,1251.2409204865785
1673017208420,1248.440587279647
1673020911775,1259.8634058262307
1673024526391,1265.355853907819
1673028001272,1263.8204345222732
1673031710993,1267.0730915836284
1673035223792,1275.7798718281385
1673038922166,1266.5999589426174
1673042403607,1266.841131221736
1673046120273,1269.6014683000592
1673049712833,1269.7044907704344
1673053317447,1270.4051733727624
1673056904642,1269.0445196574465
1673060502445,1267.0582127724513
1673064010851,1266.6484034399512
1673067698059,1264.8572865729875
1673071225435,1264.8991221469726
1673074908912,1265.08519293424
1673078514195,1267.0165980644344
1673082117053,1265.5892306479736
1673085616624,1265.850369865917
1673089231768,1264.7919345224727
1673092860542,1264.0418594683654
1673096510620,1263.9297954261654
1673100119436,1263.9098074327385
1673103693025,1265.6043531502567
1673107324797,1265.3175752033574
1673110928275,1263.0759955320113
1673114516739,1263.3815551667353
1673118100595,1264.270850679518
1673121689955,1266.1506164100285
1673125312543,1264.5882161099712
1673128899343,1265.1091974536264
1673132452833,1263.740381504893
1673136003343,1264.8369433837202
1673139657505,1261.7470577773543
1673143252672,1262.4047954181706
1673146816950,1261.8305654877252
1673150459983,1263.477845098406
1673154053056,1262.2887959736859
1673157659471,1263.3256784218718
1673161265718,1264.883456471107
1673164840673,1264.3481383778767
1673168468118,1263.9728938079234
1673172049984,1263.4797976090613
1673175627953,1263.7020147451485
1673179221433,1263.0923034486061
1673182906811,1262.5805082665295
1673186533859,1263.8162431021574
1673190075858,1266.4654518586851
1673193650595,1271.8629302214276
1673197280789,1265.191363172537
1673200862372,1264.61908524803
1673204446077,1265.4504935561658
1673208009716,1266.0564157158183
1673211661108,1271.3697588547882
1673215262554,1270.1642075938757
1673218868570,1270.8570358690113
1673222415983,1287.4374073483102
1673226063717,1290.612154280563
1673229670011,1295.1257353912006
1673233238055,1307.4480484303422
1673236812605,1311.2308264778358
1673240418376,1311.40556658674
1673244116831,1308.8072984019213
1673247616139,1309.2533281567532
1673251293244,1312.5250223052742
1673254837170,1309.9463120183561
1673258451183,1316.9334171462917
1673262116336,1322.8887818022356
1673265713915,1319.1015444280524
1673269289984,1320.4919650407253
1673272801082,1317.41827930635
1673276528178,1326.1473927562186
1673280148255,1338.2434489437337
1673283607273,1340.2873237375582
1673287319551,1341.4086762412064
1673290913083,1335.063921767204
1673294443139,1332.989707852081
1673298097668,1318.631273566619
1673301608747,1318.458639571092
1673305202484,1323.5382765158367
1673308823820,1322.2371638639402
1673312475895,1326.2779700744172
1673316091247,1325.2276599818686
1673319627932,1323.138424796264
1673323325134,1324.7109498773889
1673326848173,1328.092090664019
1673330512191,1327.6267938080225
1673334063156,1325.0108915998458
1673337604502,1324.0808132899376
1673341309551,1328.2348732647858
1673344924699,1330.66861104223
1673348515559,1333.7637353039056
1673352037468,1329.4184303189377
1673355718182,1325.9751695121213
1673359251871,1327.9476707673577
1673362832076,1333.3297765515576
1673366412351,1332.890034908536
1673370083857,1330.8068690228938
1673373610179,1331.8589134052017
1673377287068,1340.6209822196834
1673380886856,1339.7125218812087
1673384450204,1341.7439641257315
1673388039000,1341.82128688901
1673391711884,1337.0211585895747
1673395333544,1335.6668643642906
1673398824264,1337.3204668725389
1673402463159,1338.202105003194
1673406003260,1333.429803742675
1673409637379,1331.510620187469
1673413269331,1330.6316303095448
1673416803333,1333.2592725552847
1673420522653,1333.7069541939106
1673424027173,1335.5095287240747
1673427695554,1334.1340936770548
1673431225514,1335.6852662174094
1673434802834,1335.8279601315066
1673438516108,1336.3415345574572
1673442076523,1333.1576347910307
1673445688078,1332.6665673552366
1673449282393,1333.0255642744266
1673452809349,1324.7164957494
1673456459319,1326.1434051663284
1673460094690,1328.3787024070552
1673463615941,1336.5143006664148
1673467350740,1342.881174785897
1673470899733,1342.549848914482
1673474492581,1342.6015063255543
1673478069520,1350.9760583802197
1673481682299,1391.1273283905234
1673485359804,1411.362095287336
1673488859756,1403.800040362437
1673492409711,1400.6906572402822
1673496023299,1401.5092445446671
1673499657789,1403.6618389546834
1673503319105,1394.0203536772397
1673506918428,1399.1923681844096
1673510466990,1398.9349118102841
1673514045637,1397.9630355847623
1673517694664,1400.5376798231866
1673521275335,1400.1133515284746
1673524813383,1398.3088999013187
1673528504031,1396.8143813814324
1673532064386,1405.8836754963831
1673535712679,1376.5911459376018
1673539233083,1386.7210060863458
1673542872885,1385.2292365100054
1673546412483,1430.6082036889698
1673550044379,1425.162550639958
1673553731037,1428.787443157962
1673557201480,1428.4742766147485
1673560922755,1428.2558113141192
1673564517432,1422.5311335823665
1673568013186,1417.134908743914
1673571694514,1408.4044433133781
1673575261669,1407.4551605341621
1673578932576,1407.570640434996
1673582423310,1413.6501934671955
1673586010529,1411.796512768992
1673589664946,1408.219122144464
1673593323237,1411.3499071830963
1673596857122,1408.2467726623508
1673600526513,1408.9882070122076
1673604069356,1410.549004477179
1673607600256,1414.9129077789771
1673611240436,1410.8722254152538
1673614908934,1404.5996855158505
1673618483477,1406.5995861302297
1673622016137,1409.4200344157855
1673625723160,1421.490044348276
1673629270459,1412.6795054704373
1673632827990,1419.6355734809492
1673636403163,1419.885290221603
1673640100383,1419.1035951127456
1673643690637,1429.951377980328
1673647262062,1453.9178610027736
1673650893355,1459.163601736796
1673654419977,1453.3769102089225
1673658036727,1544.8939975271849
1673661631372,1548.7123350229904
1673665205876,1555.2244306710782
1673668947733,1550.9595166965637
1673672512819,1552.455745818904
1673676128687,1547.9500773294528
1673679602055,1554.542633826518
1673683324329,1552.4928092751538
1673686875792,1564.0998003090403
1673690478315,1520.1701859939487
1673694088442,1518.908422068878
1673697725519,1532.6513095900211
1673701222132,1541.0918833967512
1673704823522,1534.2559018187653
1673708498084,1523.966352801563
1673712153733,1526.0734342389699
1673715614034,1529.138411746615
1673719238495,1527.172210727972
1673722872612,1533.7181495178786
1673726520923,1532.3719937529675
1673730060333,1535.8732432432676
1673733741613,1538.2854230231987
1673737228172,1548.551534405328
1673740889590,1549.111474081304
1673744406525,1529.6479975002812
1673748067295,1528.4357109404318
1673751729287,1526.8991866102613
1673755551336,1526.4655621709037
1673758879871,1528.55374029164
1673762516424,1528.4337483403235
1673766240974,1527.3866941077015
1673769739790,1529.1678808366119
1673773379214,1520.0092565525188
1673777008874,1528.2377021725545
1673780526920,1531.352203056109
1673784187278,1533.7999737890607
1673787725563,1531.9012134062516
1673791322483,1534.7380619794583
1673794873358,1540.9341135163027
1673798520097,1557.7132755675484
1673802180231,1547.0931776236955
1673805832606,1548.9690873912198
1673809353649,1539.929948198083
1673813025403,1553.005114075464
1673816523720,1556.9886704308049
1673820167164,1552.6552310364323
1673823730806,1548.355421074889
1673827321010,1553.9343965480978
1673830979705,1564.3260821472259
1673834425136,1569.7759866088697
1673838118420,1576.70426258604
1673841830350,1564.4138186762636
1673845326929,1574.3419475815417
1673849017530,1577.6078767425045
1673852474723,1573.8270357917304
1673856115251,1563.3821729766166
1673859785038,1540.1338839504504
1673863267192,1545.491686115353
1673866906801,1548.3649939570498
1673870870245,1543.6289086432796
1673874012952,1542.3077790918085
1673877677578,1543.4936203070238
1673881231520,1542.47837625234
1673884876726,1549.9094856232293
1673888558929,1550.159086742083
1673892078362,1560.1029231654595
1673895740427,1569.1114361706111
1673899214471,1593.806685135999
1673902843227,1587.2827603340693
1673906406514,1580.1080633412303
1673910124443,1581.0467117169505
1673913762571,1576.317849370702
1673917323175,1564.930311409092
1673920921314,1557.344826436909
1673924531039,1560.9809353243593
1673928160305,1565.060264732993
1673931779305,1567.8799221683735
1673935470287,1568.9022065335466
1673939000578,1560.3528036940384
1673942519781,1564.0415260879558
1673946072722,1568.4980490841335
1673949744600,1564.905794381755
1673953339710,1562.9243322991147
1673956886583,1567.1546522638268
1673960483073,1570.2260307665679
1673964153318,1570.6532061791293
1673967783915,1575.2615979738964
1673971273750,1570.6183836543398
1673974967808,1578.5639070604877
1673978578526,1575.562871718687
1673982008332,1595.0934895168773
1673985666899,1588.4453723603424
1673989237957,1583.7343534545842
1673992808944,1581.4930622869779
1673996530180,1575.1829073877932
1674000124800,1567.1528588492292
1674003729257,1571.1780923317676
1674007319871,1577.4828877150428
1674010923513,1585.0773990541263
1674014520260,1584.9876600938624
1674018173208,1584.6687580135008
1674021726619,1586.2147617308372
1674025384136,1581.8337439583775
1674028932498,1583.4633367286228
1674032522037,1576.3752252648926
1674036189809,1578.5856764705152
1674039725647,1574.0699135568636
1674043291576,1576.920740339162
1674046919052,1581.1290756781862
1674050518909,1592.2792132092995
1674054116041,1594.502236255
1674057705779,1562.3813683926794
1674061376323,1511.3127382482405
1674064990241,1544.3106335165155
1674068486162,1541.8181149565587
1674072222467,1542.5165976469086
1674075670106,1520.6145478401675
1674079282852,1530.2384137885615
1674082976974,1532.4795887924893
1674086575526,1516.3334168518509
1674090045626,1517.556780543204
1674093723998,1517.5070175025758
1674097316317,1524.2245925715793
1674100868128,1525.2009820003796
1674104436676,1528.6714197286244
1674108027502,1528.0329758874148
1674111778250,1531.6374123362261
1674115308775,1530.0261762762066
1674118881657,1528.6984875472763
1674122410447,1527.6893105616882
1674126124834,1525.6102728747826
1674129771423,1519.865233893184
1674133321014,1517.3714081214973
1674136807272,1524.7201514790602
1674140519672,1535.0688882292545
1674144117581,1534.1994920302025
1674147767191,1534.1563080578119
1674151380479,1529.082944148471
1674154811291,1540.7581279904311
1674158423901,1551.355005893938
1674162127698,1560.0684976363716
1674165774356,1546.8802025393968
1674169272461,1551.8036988373817
1674172971460,1552.0785952767906
1674176577388,1549.2683175000022
1674180115660,1558.1424020082336
1674183717521,1558.5278718082243
1674187314311,1553.6245709635273
1674190852342,1546.5934872398923
1674194487593,1547.527375659251
1674198063797,1546.1938434347414
1674201624268,1550.263768736594
1674205315637,1550.4334616368574
1674208973496,1553.4374421921293
1674212585288,1552.2578500224997
1674216121140,1551.006474520583
1674219719512,1556.7607087807203
1674223273270,1556.6394041545745
1674226845874,1556.2875663805717
1674230456058,1564.7284340864392
1674234149784,1584.415484479559
1674237667467,1591.403835332103
1674241205099,1593.1259753144298
1674244961421,1595.0478669118854
1674248419400,1634.9827428151825
1674252126759,1638.359178594817
1674255783911,1654.2590225254203
1674259377851,1661.649680052114
1674262906956,1655.9278330290683
1674266853950,1654.2171517919444
1674270229211,1648.674881694453
1674273779256,1649.1747725123207
1674277436733,1650.8254082792994
1674280810894,1648.3803879236655
1674284534061,1653.6997459031586
1674288125415,1652.29336955584
1674291727905,1649.8187284814728
1674295229223,1660.8150358304094
1674298810247,1636.7452755095412
1674302524142,1647.6756095335952
1674306149819,1658.8280558207375
1674309642820,1649.3593037017083
1674313376075,1650.3943642405143
1674316856522,1657.7379208005045
1674320535618,1658.4036992555089
1674324176617,1653.3491679762787
1674327775122,1659.8059043391431
1674331385975,1664.7838706718228
1674335034353,1654.6766217824934
1674338588083,1661.9744454024076
1674342064038,1651.6994948880863
1674345778247,1625.6494400624342
1674349369580,1635.9563156082677
1674352925306,1625.7264161858143
1674356568772,1617.0312913391954
1674360100455,1622.724621293557
1674363785950,1627.1716585157355
1674367316964,1628.2972114246456
1674370971956,1630.1352387833017
1674374519417,1627.868228153007
1674378111318,1630.3379241832054
1674381727139,1625.9244727058338
1674385309984,1627.8378447120235
1674388974156,1627.9290588979597
1674392422566,1631.6522759507156
1674396021754,1633.7381445190917
1674399783469,1645.108849759205
1674403210340,1639.317453405259
1674406978521,1637.8629710470366
1674410532162,1657.002342884512
1674414074950,1647.637701621544
1674417727512,1645.2810643842279
1674421220566,1620.3127278998365
1674424973320,1624.0749864856464
1674428466162,1625.3942911267939
1674432109066,1629.6598792691484
1674435643888,1637.8288029427913
1674439325335,1638.9916223581047
1674442914426,1640.6982095568817
1674446526666,1631.9866403430176
1674450108843,1635.9167483164804
1674453777541,1632.9188671931395
1674457231926,1637.194989717473
1674460846178,1634.6656613012283
1674464518238,1632.043274003787
1674468067522,1635.5697289044863
1674471709731,1638.82380024131
1674475383335,1636.291934815383
1674478928693,1635.729170565942
1674482616059,1624.2869822995929
1674486120580,1630.7357348692426
1674489738231,1622.8150193721183
1674493319873,1619.5040014363303
1674497046113,1622.7717665206499
1674500419864,1635.7200119656359
1674504126676,1615.3180876473994
1674507727683,1635.4409969725841
1674511252925,1632.7735390692003
1674514926122,1629.359223793676
1674518522551,1632.9617267135266
1674522124398,1632.4397043670056
1674525731073,1640.9972813976292
1674529377543,1638.3118135764107
1674532829398,1643.1955056436068
1674536526755,1637.7889215042599
1674540038817,1639.0549341426429
1674543724110,1638.0331522273086
1674547321440,1637.1063112159195
1674550846409,1635.494083106316
1674554529525,1622.8498901922887
1674558174594,1625.3874350020037
1674561721742,1625.795090416485
1674565274731,1628.7890043804534
1674568921063,1619.2014436336524
1674572538669,1615.8425737822154
1674576208949,1621.8232350667895
1674579721755,1614.288714369012
1674583376823,1615.3704440338265
1674586865738,1621.7173898109543
1674590574575,1622.6817818886375
1674594045494,1615.3284539954957
1674597651800,1605.6426167710056
1674601409877,1566.0012515201709
1674604850102,1557.0597608721732
1674608531202,1551.962454415024
1674612071739,1537.3215716693855
1674615648200,1543.8298544831766
1674619382214,1547.1043667777517
1674622867525,1547.3310723326497
1674626526282,1549.7911715668893
1674630186700,1556.3991244160213
1674633669490,1555.1482028149755
1674637218261,1552.2195924527894
1674640922821,1546.915556198997
1674644468099,1547.71690813416
1674648048223,1546.5235074620155
1674651632974,1559.8398087946794
1674655248501,1555.8066438221774
1674658895717,1539.1894807126384
1674662466619,1542.4487573228105
1674666152642,1551.3659201028663
1674669784276,1548.6351072700757
1674673322699,1555.0593407998917
1674676840707,1562.9006305276341
1674680552059,1578.0632219079048
1674684066766,1606.8640732002236
1674687719001,1579.834190601274
1674691466437,1611.6472257874357
1674694804795,1621.1434632945275
1674698802805,1619.9374647431903
1674702160261,1614.0601296345526
1674705629968,1614.8696377303968
1674709396316,1617.8041051883395
1674709412967,1617.8041051883395
1674713091011,1618.4297941243783
1674716556104,1613.190855363454
1674720116150,1606.22267813945
1674723723804,1609.1695608072757
1674727388996,1607.1830362710864
1674730975756,1603.7737694253071
1674734503776,1605.4140411522933
1674738073397,1616.6944624006867
1674741665373,1613.9998411373929
1674745310397,1602.3685618953625
1674748913189,1596.3294272483372
1674752434783,1594.0349779456608
1674756065198,1592.5231712273146
1674759710205,1601.191223504245
1674763364705,1604.1320188991538
1674766958912,1609.1100092736876
1674770517259,1603.7411157177478
1674774074025,1603.386043143143
1674777683280,1603.6757156215774
1674781274450,1589.062413853068
1674784882605,1565.1191837765384
1674788413037,1571.0607562115601
1674792120488,1568.3853701037574
1674795703290,1565.7076450236843
1674799251536,1585.528919298767
1674802986748,1582.9198035761967
1674806500966,1585.5749871420874
1674810118812,1581.3121141869187
1674813720369,1577.4124275631568
1674817321674,1578.9954174224558
1674820987138,1577.301171048903
1674824522159,1574.9721510244578
1674828121908,1569.4160817564184
1674831724084,1584.756293734307
1674835442594,1569.6012517519512
1674838918051,1589.78485022712
1674842637391,1609.2177885076208
1674846006334,1604.6129287444967
1674849762201,1609.0589053133867
1674853319489,1598.2520734533841
1674856920472,1600.200131680284
1674860515485,1594.4062490098213
1674864114092,1598.5970961804085
1674867720285,1603.1901812785165
1674871324177,1596.0242560596187
1674874928821,1598.4804238046006
1674878516420,1600.7402033596884
1674882125251,1600.2533101665883
1674885691846,1601.0448933151763
1674889318201,1598.7984526202968
1674892848002,1593.0478903775206
1674896520347,1589.8108762510824
1674900120349,1593.2056447632194
1674903687352,1586.4338767958006
1674907322723,1587.1708466539947
1674910930657,1585.927514884277
1674914550921,1574.9542590005008
1674918022568,1572.3220668206968
1674921687672,1580.4164481115647
1674925266496,1579.2682748696925
1674928928542,1578.079121088266
1674932509859,1573.8522720997532
1674936066475,1576.9285227611044
1674939770886,1567.6331819254249
1674943210328,1568.9009113472778
1674946881714,1567.5656716036196
1674950484798,1573.0634394330648
1674954020236,1585.6889669916886
1674957618336,1602.9898451827028
1674961229907,1591.6150249944162
1674964826973,1597.080564619128
1674968475491,1597.886528808637
1674972072824,1599.101130132454
1674975611658,1596.033102203077
1674979257296,1593.2719458978027
1674982800342,1590.5462433564048
1674986517894,1601.1673413498509
1674990000418,1611.216830490235
1674993719839,1610.8774521625078
1674997214066,1608.1565024693707
1675000899656,1615.2538066127827
1675004435462,1612.8538056739687
1675008111328,1613.6600615246512
1675011693735,1615.6411601148575
1675015337251,1618.7089396557615
1675018890971,1629.0472720842597
1675022518188,1655.6183609983598
1675026074150,1641.8483392311825
1675029702641,1645.2818474387918
1675033276140,1642.3308135578916
1675036915926,1645.8476977853966
1675040452159,1644.573392249911
1675044117088,1639.273181537935
1675047729251,1636.095919882531
1675051341167,1637.3708262438597
1675054866133,1638.0930910143584
1675058476054,1635.7431216609136
1675062021474,1631.5512813275006
1675062231519,1631.5512813275006
1675062235052,1631.5512813275006
1675065625898,1627.9693280998486
1675069325741,1623.0810303644785
1675072923884,1589.0087747595553
1675076470446,1587.2460910026361
1675080087266,1582.8749062644943
1675083651061,1577.1439749259632
1675087360683,1577.6848853065758
1675090952187,1590.80386940289
1675094406077,1584.4353798841375
1675098030805,1583.1079661072538
1675101667906,1583.6132222875974
1675105329633,1579.3171058076089
1675108882923,1552.639274945915
1675112468026,1553.7447291634246
1675116116319,1556.3473880420327
1675119621540,1561.842207168916
1675123328043,1568.64771349631
1675126916776,1569.7949147455404
1675130503092,1572.6496515036513
1675134130353,1572.259850440152
1675137633126,1571.1821546864705
1675141245624,1573.3291809248708
1675144837886,1564.2518303978682
1675148524720,1570.722197091511
1675152064283,1580.573099623919
1675155609569,1573.3985299529268
1675159263229,1573.9870991319015
1675162930075,1570.148947305577
1675166400715,1572.328503508724
1675170000678,1575.060515459908
1675173725578,1584.7262584586017
1675177246588,1585.4955215503421
1675180816557,1591.2543987102283
1675184518491,1594.583271709559
1675188008531,1592.685058672191
1675191717594,1595.9033419054208
1675195309273,1597.884637584229
1675198854380,1587.9763501550842
1675202516494,1573.1245985586525
1675206117688,1581.1272909285642
1675209670439,1586.1528857850815
1675213266389,1584.5822098378421
1675216913331,1589.3053910946269
1675220467726,1586.0707398273405
1675224183619,1585.2584938786902
1675227779455,1584.5122832090046
1675231207948,1583.3159002445734
1675234804152,1577.5439549530063
1675238515165,1576.2888569053634
1675242089013,1570.7917178221517
1675245770782,1572.8906627218294
1675249228781,1575.4133573797942
1675252915439,1582.009290145772
1675256423874,1581.9415972777188
1675260011672,1582.078611545008
1675263813836,1587.830723632735
1675267280707,1579.1928463422148
1675271025204,1575.1105423341642
1675274535437,1573.0925190622838
1675278026938,1579.303089114136
1675281701108,1623.560689565507
1675285207310,1633.4717678199543
1675288928124,1640.706011256348
1675292527038,1638.8683181370316
1675296111886,1642.857168158598
1675299716485,1688.5903932238862
1675303353583,1680.3389447207242
1675306838774,1672.5071304263001
1675310411747,1674.5553003704845
1675314043173,1674.4758834696165
1675317811597,1671.8831481627276
1675318027789,1673.3184361167125
1675321429334,1672.015712523799
1675324834176,1666.4756582591388
1675328409112,1673.668645211089
1675332041289,1673.7175598014144
1675335676320,1670.1546034400371
1675339260563,1671.3455423861035
1675342835154,1676.4458531947496
1675346497971,1671.8350975838603
1675350066201,1671.705693971398
1675353635399,1680.9170350239974
1675357244022,1674.566676756937
1675360848654,1679.577341233718
1675364531998,1701.9217581419975
1675368076831,1676.8544867167557
1675371623259,1677.8824886285265
1675375274449,1653.993880276522
1675378804036,1658.8729799701637
1675382407630,1648.6796840768716
1675386126352,1647.628529751911
1675389632780,1647.808777112557
1675393309571,1638.104757192161
1675396900792,1641.7218220060852
1675400404535,1642.637615933634
1675404007419,1643.5796918608914
1675407713153,1642.225972388677
1675411236783,1639.73548906433
1675414859807,1643.5928638237945
1675418460378,1644.1790406121777
1675422072528,1644.892509534389
1675425629312,1650.4636326010473
1675429223436,1652.3450148065629
1675432825726,1638.762063332621
1675436456152,1650.4065921288293
1675440096702,1667.890475603859
1675443748039,1659.574143559675
1675447270382,1669.3360202939944
1675450817135,1658.1487165214457
1675454497658,1655.129968891881
1675458071815,1655.8902173807705
1675461639273,1657.4734485304002
1675465307746,1667.4741017085594
1675468921727,1664.4610376798676
1675472504152,1663.5919039105172
1675476095218,1659.33530548555
1675479628838,1656.9667557229777
1675483225758,1653.6973600528186
1675486913878,1653.1213793659713
1675490437860,1651.4531571427085
1675494013658,1652.8283223163835
1675497616630,1655.9286414785117
1675501365023,1653.6984909131186
1675504817377,1657.301139661822
1675508478118,1661.1238220211285
1675512161559,1662.0246285220321
1675515816653,1667.9107338016418
1675519277535,1684.4559025067203
1675522855402,1680.4206789831844
1675526518208,1678.8040701843463
1675530080088,1678.2610439513314
1675533650246,1681.0702380085906
1675537348230,1679.3950467663199
1675540918526,1675.9666676582374
1675544445508,1679.587940215006
1675548088869,1679.186835692684
1675551647451,1682.504629565075
1675555316610,1668.625083725697
1675558924717,1664.532306249944
1675562455311,1666.039654670645
1675566015141,1664.4859132464603
1675569722657,1660.8992631884698
1675573296166,1665.6511612082984
1675576909493,1665.9105351355956
1675580508141,1668.121320915057
1675584130951,1668.942744014885
1675587643372,1670.467140253697
1675591332548,1666.3865643773038
1675594826750,1668.3859708890996
1675598501668,1664.1141858961557
1675602124042,1653.9023105529554
1675605627264,1648.5325992410794
1675609332893,1653.8279330421103
1675612910238,1643.3068137363696
1675616424112,1642.002951265936
1675620023485,1625.3232754074597
1675623743870,1618.9493115973603
1675627329894,1620.8005164281894
1675630990903,1618.9808870176232
1675634439153,1621.7267691761815
1675638060249,1635.3457554353893
1675641719622,1630.303939865262
1675645327500,1639.597023000507
1675648985078,1633.6286432429551
1675652812775,1627.662716161909
1675656199150,1627.2551613948697
1675659835863,1625.878777141098
1675663305366,1618.7374883964114
1675666954284,1626.4712036386734
1675670641147,1635.1986378003355
1675674049744,1632.2894564292546
1675677739670,1630.0846155115908
1675681326660,1630.326599896192
1675684908598,1631.0331664742514
1675688514669,1633.7118140930734
1675692110298,1629.006132450508
1675695749932,1626.186914317993
1675699323217,1638.254835936736
1675702910330,1641.5663237369838
1675706508275,1650.3958257844095
1675710061623,1644.0212471926834
1675713738336,1645.6616505403983
1675717305076,1646.2350242014231
1675720902529,1639.1852732450654
1675724527210,1634.5458318966835
1675728096899,1616.9488529831426
1675731692736,1622.1557732378785
1675735321084,1629.5378552646866
1675738848392,1629.4817770881987
1675742531079,1635.380964268078
1675746126730,1633.531292748745
1675749618244,1636.1232175823898
1675753246092,1635.5114314071743
1675756886304,1632.4402986486496
1675760424125,1631.523435589321
1675764053743,1646.8515856126608
1675767628626,1644.314132748883
1675771246716,1643.5802310842498
1675774931007,1645.678874728931
1675778498931,1641.108036508363
1675782011633,1641.865198818664
1675785611963,1633.0821197461153
1675789267782,1640.8607115581317
1675792987033,1690.6661263895494
1675796518479,1640.7487664715936
1675800128468,1657.002796448398
1675803603698,1664.672219023902
1675807327489,1668.9659484601577
1675810822628,1663.2508478418808
1675814452738,1672.8226777758136
1675818133708,1684.8186906545056
1675821667984,1684.172354171814
1675825288805,1678.8725077377458
1675828814171,1681.698274130249
1675832514640,1680.7373627556806
1675836177109,1676.0433909312885
1675839737465,1674.656897326378
1675839783179,1674.656897326378
1675843237447,1677.0047741483163
1675846918251,1672.8000337982917
1675850562717,1671.5697866557664
1675854118901,1671.3172344993054
1675857644885,1673.4976392026063
1675861247235,1673.0706777132627
1675864813118,1674.2673771544044
1675868419006,1667.4561917285957
1675872137955,1654.7799054123204
1675875663446,1645.6974444901214
1675879328610,1657.3380766352323
1675882873884,1648.4831684122812
1675886526104,1646.9909269131733
1675890123547,1645.238534883554
1675893710051,1654.0393918613042
1675897357729,1654.898532806241
1675900920099,1651.4083786023796
1675904448056,1654.9434912003176
1675908128577,1654.1740139273343
1675911685662,1640.3352747429399
1675915216359,1619.1791175774981
1675918820220,1624.969143948778
1675922573106,1628.461947589772
1675926032382,1635.7294060702127
1675929643695,1631.66824931844
1675933338544,1635.2297305997622
1675936976289,1634.9838085311767
1675940517066,1634.4519101540811
1675944193258,1633.3935129905826
1675947784585,1636.46374770402
1675951329839,1641.8034839322083
1675954899547,1641.9782781237586
1675958427644,1632.4418339972951
1675962163040,1623.9144076632087
1675965732041,1624.707465127386
1675969201232,1624.0328954560646
1675972801852,1572.1496459265547
1675976530832,1577.9589439690446
1675980009375,1540.581113282036
1675983653989,1541.786282751521
1675987329409,1546.6431421573855
1675990981602,1548.1434756850472
1675994530310,1551.0308900147675
1675998188303,1551.399655025574
1676001665045,1546.7518245810816
1676005362806,1540.8456368077223
1676009013115,1543.184800602676
1676012604865,1553.76755857741
1676016285889,1553.2084591735581
1676019865583,1551.71463839614
1676023505816,1547.31864395034
1676027014554,1546.9047279797144
1676030712639,1539.408837483575
1676034033032,1537.4062374422324
1676037843180,1539.2303752387272
1676041311961,1542.4907577237848
1676044883775,1519.3999097612334
1676048693616,1526.2973336512475
1676052075792,1526.43291846711
1676055919327,1526.5902794105116
1676059280224,1537.657542122626
1676062835660,1530.6517112579234
1676066451774,1507.7720785729175
1676070279253,1509.5992245895566
1676073615856,1515.5340268615535
1676077217168,1517.1644458286721
1676081002048,1514.6549364259151
1676084631469,1517.1418761976092
1676088146028,1519.712755207023
1676091774103,1521.4001359593012
1676095470961,1519.6839472735746
1676098804777,1519.306681696827
1676102443876,1521.7067089057955
1676106263100,1524.4140120311606
1676109668053,1523.1563673901019
1676113548963,1520.026207511009
1676117131396,1521.874069694764
1676120520357,1519.8121095254983
1676124191428,1524.350823418144
1676127756195,1525.1130481716866
1676131239655,1523.0050935854654
1676134817435,1520.0318278670854
1676138658131,1519.1979386039463
1676142059217,1526.0822597148
1676145881322,1518.6271999716953
1676149521061,1521.8628641342377
1676153154135,1535.1171942734181
1676156496506,1537.2595758786701
1676160136623,1541.6794907137491
1676163778898,1533.6033643123956
1676167323152,1534.6240925372515
1676170923981,1536.128254580105
1676174649793,1534.7078738825762
1676178233905,1532.21834641725
1676181873768,1534.3725389076974
1676185404816,1535.0602704616747
1676189064194,1532.9465635608503
1676192725346,1532.7280190903928
1676196292472,1534.9001913593945
1676199779345,1543.9049655712356
1676203223844,1535.9750243648216
1676206815552,1527.0677184472033
1676210614938,1527.0905009401195
1676214357422,1534.5483833063179
1676217847937,1536.5704737671392
1676221348988,1546.9495186449233
1676225081775,1541.8981242988198
1676228562775,1541.0139758898063
1676232077577,1541.7202818564338
1676235901255,1545.431020813184
1676239430841,1516.5974427737488
1676243016236,1515.170641277683
1676246516363,1515.3346311806397
1676250375637,1520.0451616744256
1676253888368,1507.395454921748
1676257356843,1512.3169111815887
1676261008458,1517.670586543946
1676264682975,1520.6483909954645
1676268069140,1518.7590888162647
1676271784380,1519.7843229683638
1676275362605,1524.7890375966372
1676279085313,1506.961579320244
1676282921191,1486.1909939259306
1676286027203,1490.239664128175
1676289632059,1485.8463074075605
1676293286337,1489.138985144841
1676296954058,1480.1939200720894
1676300535755,1489.5411466932774
1676304249142,1481.5646782771812
1676307773134,1474.8268350893272
1676311481771,1471.554243192776
1676314899430,1487.339513717632
1676318637438,1487.8762953351045
1676322162812,1488.5764610155845
1676325822641,1486.6100476016727
1676329321528,1492.2502825571912
1676332846626,1506.9162010135053
1676336428282,1503.3503520638697
1676340253618,1499.4355688121204
1676343774508,1500.0195905601345
1676347380568,1500.2566369416277
1676351052455,1499.7575158585869
1676354459275,1502.5477926568467
1676358019288,1504.4839327477496
1676361681772,1507.343643336281
1676365556411,1498.6202778310865
1676368871436,1512.767562478582
1676372526616,1509.9988060410594
1676376124086,1507.2165921385213
1676379735389,1514.6568651890352
1676383350168,1516.282610911458
1676387086870,1555.748779015574
1676390519685,1543.9546746611768
1676394115046,1539.532651479103
1676397736794,1547.0767610164946
1676401277475,1551.99941696553
1676404930469,1560.2490700462934
1676408518713,1559.655900364046
1676412128349,1556.4761584053704
1676415725726,1555.306217512161
1676419251501,1556.963484345393
1676422825684,1550.0710623367047
1676426578378,1550.4814479026554
1676430180151,1547.0775669471357
1676433685256,1549.0845515401147
1676437291050,1549.779812574033
1676440809122,1550.2553666166177
1676444457544,1549.404248875506
1676448130198,1546.803799589059
1676451725373,1547.763225101944
1676455304093,1551.2670005434863
1676458930232,1551.7565145717697
1676462582800,1571.405366972471
1676466191699,1586.1486335201548
1676469656152,1581.1634655418427
1676473254906,1577.1104542144183
1676476808644,1576.281174535348
1676480522942,1576.6203291000986
1676484033616,1581.817031573233
1676487711206,1582.7381253065887
1676491214334,1624.4645399286537
1676494879688,1660.2874508907041
1676498523945,1663.8330118930448
1676502019911,1659.3083381912168
1676505714994,1674.858207473528
1676509292130,1687.6172868708384
1676512923721,1691.7943944200997
1676516528623,1693.7557653697452
1676520142462,1692.6242443710294
1676523715888,1694.3475226016515
1676527320072,1693.609646464912
1676530831785,1692.5519703437542
1676534512228,1679.3702762453477
1676538140559,1684.9516862824678
1676541727680,1688.748971937211
1676545320862,1686.16797662768
1676548929003,1683.0970675192004
1676552506432,1687.267012576756
1676556027398,1672.987529578304
1676559725325,1677.5821144809934
1676563376384,1703.1858475261693
1676566936079,1718.5086934839917
1676570488935,1716.4668853390183
1676574127451,1718.1158576782507
1676577673385,1710.130089896787
1676581211284,1686.0982137499934
1676584930276,1681.341209499113
1676588421167,1653.9521316908338
1676592110243,1639.209858111884
1676595729935,1651.1031285753652
1676599301034,1658.0955571374677
1676602939565,1661.5221436681095
1676606574962,1664.7518030686906
1676610142820,1657.6705431545386
1676613607706,1656.4811772691073
1676617327883,1655.9122333301766
1676620919648,1659.4458199703076
1676624406371,1657.2097158087242
1676628100532,1662.6026422349187
1676631732248,1663.0320280270955
1676635351405,1664.5280934219772
1676638992085,1665.7676824422842
1676642517832,1661.9790089122143
1676646133013,1671.9019107615945
1676649715472,1673.612599348423
1676653328938,1670.8903467050154
1676656809031,1692.7599851632203
1676660538642,1693.5671235536095
1676664090421,1706.0344386027018
1676667706858,1709.4878385690727
1676671299539,1703.8784621477955
1676674821830,1695.9595774836573
1676678546772,1698.8021074898058
1676682060209,1696.2440737228571
1676685644092,1699.6454859691332
1676689255970,1696.6586354003837
1676692835340,1699.3957311156769
1676696526452,1700.399136800694
1676700114766,1699.1951105431633
1676703721322,1698.2910320340548
1676707297702,1694.7282995878327
1676710924977,1692.8567098170458
1676714490330,1693.8811792866663
1676718180341,1686.6629415710734
1676721725229,1691.7331789665875
1676725375352,1698.7433739877742
1676728928174,1694.1950634805878
1676732526989,1699.3140774800784
1676736037017,1695.8051276757576
1676739717385,1694.071754063575
1676743389180,1693.6508517185928
1676746990994,1693.187040685998
1676750585298,1690.8819647376586
1676754136182,1683.634664712116
1676757697688,1687.1377048302438
1676761240671,1689.2002596525358
1676764841490,1692.518962831222
1676768524774,1698.0876179494746
1676772124335,1690.8518020922806
1676775758995,1695.5512426307382
1676779254197,1695.5595220389084
1676782921920,1697.3783528551294
1676786503927,1696.6963498272237
1676790097481,1693.2054409867135
1676793724365,1693.4381417397517
1676797268310,1693.9804780390766
1676800924975,1693.5378477478762
1676804506534,1696.0340203351416
1676808032909,1696.796119867192
1676811648171,1695.885608888512
1676815315209,1695.9760764426633
1676818931945,1701.8893837201579
1676822512290,1713.509662948811
1676826135306,1700.7167422288094
1676829716144,1690.295468657519
1676833350657,1684.9124389706758
1676836929185,1686.648460242493
1676840579583,1686.737016289864
1676844127599,1685.7755515646518
1676847651897,1683.26103603651
1676851377896,1679.2561185130237
1676854814569,1678.09500439573
1676858470817,1671.4420493115897
1676862040969,1677.2517744328948
1676865725874,1685.2801164998496
1676869257734,1690.902989707059
1676872926653,1687.200515875951
1676876464161,1694.4954946628693
1676880115982,1697.5455919595538
1676883783360,1691.4720744804667
1676887374226,1715.9189074067285
1676890965325,1712.8264902234857
1676894483066,1717.0397735041731
1676898069682,1706.70392302261
1676901699340,1705.2787202353318
1676905250321,1710.460698415742
1676908805954,1707.2813864813859
1676912409202,1702.3833594759838
1676916101123,1696.2481418801199
1676919703727,1697.3020909726629
1676923359891,1704.0353090817337
1676926879487,1702.4726715459435
1676930493068,1705.1495030017845
1676934140929,1693.572849439732
1676937641834,1700.1986814992663
1676941311370,1706.2458382883951
1676944823771,1705.1454520857374
1676948463903,1708.4762229553357
1676952119007,1704.9529055489586
1676955670392,1697.2784112630968
1676959333902,1698.6562848049548
1676962933604,1703.4275954181498
1676966530504,1703.1551250477546
1676970117049,1693.7512028646424
1676973604198,1686.5105400621394
1676977378149,1680.6470675947155
1676980990926,1672.7628712653122
1676984479785,1677.8433857228254
1676988046109,1673.874950274879
1676991728402,1679.7020094440293
1676995324136,1672.1155522894248
1676998884082,1664.8945982817982
1677002568195,1666.537681512175
1677006062639,1680.7839021902403
1677009670714,1670.918124930534
1677013335339,1671.9397074769488
1677016933218,1643.2150831807064
1677020541893,1652.467823999332
1677024057418,1656.582369571119
1677027732259,1657.2436438642821
1677031347179,1647.7172610453201
1677034855728,1645.1868888901015
1677038628483,1651.145238306706
1677042013240,1641.6006151699905
1677045837048,1642.5344382926353
1677049433992,1636.1327120313836
1677052987626,1644.9336960725573
1677056513107,1631.075748261515
1677060248141,1638.701735736297
1677063643134,1643.5178654161177
1677067614060,1642.6628920481564
1677071042458,1645.68022329014
1677074580866,1647.6583772953527
1677078274710,1632.6360914066368
1677081631202,1615.214064615799
1677085364731,1606.602025269021
1677088822393,1610.259851764615
1677092653043,1614.3960267354908
1677096180624,1616.2544065355412
1677099761753,1615.7923284966075
1677103321175,1618.3399189944166
1677106926142,1632.2419719794927
1677110633226,1641.6430839832722
1677114143681,1638.595944426417
1677117729244,1642.283047900032
1677121416994,1676.8057090116647
1677124831237,1672.4043210551606
1677128594599,1668.0922926393187
1677132179878,1664.9899508151475
1677135776465,1665.1050651225542
1677139207086,1664.7760165124826
1677142856634,1669.0685813395257
1677146572725,1663.9543871260873
1677150001590,1664.4602747192084
1677153728837,1638.6173251722823
1677157445907,1648.903746427146
1677160978409,1659.6900045400255
1677164585561,1660.9866806948794
1677168227892,1656.466596048314
1677171628789,1652.4347467073194
1677175397370,1651.2676945744918
1677178967206,1647.8918210161924
1677182437719,1653.5275405469556
1677186177637,1653.892997670801
1677189838831,1648.5353226297266
1677193324177,1643.3369333932849
1677196833897,1651.850006691427
1677200529996,1648.811668628511
1677204171789,1655.1652935233562
1677207735197,1650.210373451732
1677211433709,1650.6752465946217
1677214958355,1648.5853660463106
1677218560985,1646.1924074777155
1677222017679,1650.4631153446142
1677225718347,1654.53338854788
1677229378272,1657.503239996487
1677232872523,1648.5321112343538
1677236588937,1649.053055160809
1677240057865,1646.8607359125772
1677243723497,1648.0668211912725
1677247308396,1633.9616650492324
1677250946923,1636.902764658146
1677254634133,1607.335688908463
1677258224967,1594.9573059786655
1677261651076,1596.4871030251427
1677265488954,1598.7525527307769
1677268979646,1610.1599964994232
1677272639560,1611.39126332716
1677276152263,1607.583896267235
1677279830917,1604.1568049706207
1677283316054,1608.2689403869492
1677286944296,1604.6266064075921
1677290519891,1607.9150964534995
1677294249318,1598.579352983788
1677297833339,1600.5912277341888
1677301393474,1602.9675196937615
1677304991234,1596.5400826869752
1677308525808,1600.9090577764168
1677312179896,1602.5710296827713
1677315778199,1603.7825707840645
1677319333728,1603.5592863766176
1677322915071,1598.183639925386
1677326531686,1600.45044021815
1677330300037,1604.7719802398253
1677333789155,1599.5025079312272
1677337315654,1599.035084371756
1677340990593,1596.8072239382989
1677344515830,1596.4536378575658
1677348191081,1599.1257711894586
1677351788527,1587.8371868109566
1677355204731,1583.0180757264893
1677358926630,1575.9167683255291
1677362489280,1573.243779129078
1677366250864,1592.9477968024
1677369713483,1594.8262225680126
1677373206260,1592.9340666161343
1677376807275,1592.0881314056624
1677380487336,1602.8608017604708
1677384066020,1603.943482103833
1677387625177,1602.0507795611902
1677391322997,1598.8322251422562
1677394861594,1598.491343703638
1677398421532,1600.1247072903377
1677402014455,1600.686027975799
1677405684408,1601.2282872797587
1677409210945,1602.5070651518222
1677412930513,1605.4978327653755
1677416530938,1600.327571844354
1677420007764,1600.7427564191757
1677423704411,1602.780334317298
1677427299247,1604.1756322006397
1677430882325,1602.5063235547193
1677434529433,1605.6968107137454
1677438189915,1619.8111744618477
1677441613802,1631.6759051062354
1677445265316,1644.0967046809071
1677448900157,1642.8489054879212
1677452432206,1631.7375299038783
1677456175918,1640.5953467787133
1677459629782,1637.6360201366076
1677463332403,1641.1390196298053
1677466903565,1641.119204856618
1677470559941,1640.6369107556097
1677474117782,1637.1562871424778
1677477729755,1633.8673565420506
1677481324967,1635.8533874640207
1677484918819,1637.5855571915508
1677488524983,1631.873484958878
1677492040652,1637.2573645860255
1677495653716,1638.8772030499372
1677499379305,1640.921285002312
1677502866008,1638.5562478967636
1677506535300,1658.8856881413517
1677510109407,1657.4752827697062
1677513604691,1640.501105227395
1677517309353,1640.2881878207918
1677520924916,1634.9648318303207
1677524523148,1623.7090203125526
1677528108649,1623.2700430202226
1677531715334,1618.7437621644592
1677535326026,1628.0400271462595
1677538859459,1635.8828370594588
1677542513013,1633.9766289833817
1677546117218,1629.8048604166863
1677549636967,1631.2913474953925
1677553268184,1630.9208347242616
1677556904225,1633.9882788535906
1677560473833,1628.437268474395
1677564105856,1629.3162881550568
1677567727394,1629.509765629868
1677571336399,1619.2310966241685
1677574871192,1621.9652337165885
1677578503426,1621.1002298689536
1677582009274,1625.0098163827186
1677585678040,1630.207344229625
1677589215012,1637.0971766559103
1677592909576,1631.9160584771664
1677596408335,1636.4262304693918
1677600119798,1641.695038445877
1677603640991,1636.1682544538755
1677607244224,1641.8123647447035
1677610873362,1641.5571213323053
1677614407668,1630.0568066314138
1677618009171,1626.8225155618516
1677621712050,1601.6478596695001
1677625382213,1612.076991689196
1677628924282,1606.632639454843
1677632542330,1607.9507702888286
1677636075604,1616.186278332204
1677639730991,1619.0482644558847
1677643247168,1639.8550027210383
1677646839941,1654.939814495231
1677650488191,1650.502694428711
1677654118110,1657.7067436905809
1677657604867,1651.1976585385312
1677661329516,1657.481459900352
1677664822184,1655.1412560588622
1677668520347,1653.8889307926213
1677672121662,1655.0701390919912
1677675664435,1653.3436671284735
1677679232070,1652.5572749737194
1677682912581,1662.7806940722924
1677686532751,1657.6133267205478
1677690123253,1653.3689353113184
1677693686880,1657.1836262241113
1677697274229,1654.9470238311637
1677700920192,1647.094484898488
1677704417758,1642.338141833518
1677708114927,1658.4463114738835
1677711720306,1653.43128193855
1677715258451,1663.925777294461
1677718910757,1663.9800734523315
1677722479014,1650.4592062389993
1677726080273,1648.1651210962907
1677729727350,1649.1737722135576
1677737623921,1643.4468404203349
1677738535788,1644.8277209621738
1677740422582,1647.3581571957384
1677744112004,1644.6873035741628
1677747624626,1647.29689789925
1677751247047,1644.8631877507262
1677754890534,1643.4399750739599
1677758497834,1645.2616307366447
1677762117722,1634.601891610924
1677765719114,1631.4348632619774
1677769322616,1626.9123771024776
1677772921081,1627.8269509726404
1677776520636,1624.4843993416932
1677780067711,1625.9821237204467
1677783666777,1634.8421739800742
1677787228606,1648.007221219453
1677790826686,1649.5864313820593
1677794521849,1644.300056399648
1677798015375,1652.5781894261363
1677801632493,1647.807145698824
1677805319127,1645.0283713657466
1677808914334,1550.2619012525352
1677812520525,1567.1841941698958
1677816128004,1568.4879324628594
1677819731207,1572.4351434119567
1677823287677,1569.646551826777
1677826890025,1566.539766873047
1677830550987,1570.4611534571768
1677834013813,1571.9294461947156
1677837701655,1569.394597352704
1677841212565,1568.9720408497712
1677844810329,1566.7266072391556
1677848490590,1565.0749192468063
1677852054035,1575.6793013549184
1677855612696,1572.9265666664162
1677859286255,1568.3102348225038
1677862928512,1569.6503107659976
1677866526146,1573.3808752124023
1677870000341,1563.4458833159088
1677873716328,1566.066897923958
1677877251840,1561.8228288524951
1677880927424,1562.993013863658
1677884520588,1566.1249027488516
1677888124008,1570.3017999164865
1677891721536,1576.4878477934644
1677895264292,1573.532149524731
1677898919009,1574.1388139625963
1677902523167,1572.4485045099614
1677906031886,1571.4736426747022
1677909722216,1568.8656332164762
1677913288161,1571.8919319287995
1677916822324,1571.0774342780674
1677920582545,1569.3476138073077
1677924048511,1570.9424063930119
1677927656067,1570.1078444054904
1677931262334,1569.549014537885
1677934874331,1571.1874599042512
1677938516354,1570.5507977862874
1677942129502,1568.931272579987
1677945735844,1565.013533959462
1677949328349,1566.2754446047543
1677952866469,1563.3749279347921
1677956426785,1564.8273141375673
1677960114655,1559.6572171840428
1677963660708,1556.4738536416633
1677967254548,1559.324078638826
1677970863913,1565.7652083054486
1677974472048,1568.4956010562191
1677978113875,1568.737807470037
1677981807472,1582.7974282720565
1677985333267,1565.6569380885792
1677988975290,1567.1784740045496
1677992466668,1569.8964079511939
1677996174605,1570.9828783588841
1677999724958,1570.8284047135226
1678003320236,1569.0333375622165
1678006835422,1565.3072588310692
1678010525978,1568.95554389573
1678014079889,1572.1941336455095
1678017871370,1569.3968179191638
1678021326589,1569.803398177858
1678024931496,1573.1629606397871
1678028519499,1571.298308172814
1678032004059,1571.3343773150657
1678035666568,1570.231190740836
1678039274864,1569.3598573697527
1678042932565,1568.2014291321616
1678046579679,1566.7317988583682
1678050025347,1570.9819750975812
1678053699388,1572.063903936497
1678057325020,1565.349465435061
1678060911193,1564.2983627664614
1678064492679,1568.4026334326343
1678068129914,1562.7698010882423
1678071651332,1564.2712321837878
1678075335581,1563.9555554290134
1678078889843,1560.8856808952899
1678082524251,1560.7600736169563
1678086122392,1564.0857360575374
1678089734315,1563.1923028735212
1678093316314,1565.2020103854002
1678096899308,1565.0093860723691
1678096992822,1565.0093860723691
1678097092509,1565.0093860723691
1678100529569,1566.4267996383512
1678104136853,1564.340998361993
1678107727444,1564.8964666804852
1678111248446,1570.9660673749024
1678114921241,1570.3471453653297
1678118531318,1577.6173825739304
1678122119919,1576.400685074725
1678125636031,1574.3753515424164
1678129322064,1575.1438223077657
1678132806024,1569.7991849854452
1678136415955,1562.250629975359
1678140085825,1566.505456068245
1678143689425,1569.9510886630746
1678147318610,1566.807937158527
1678150904385,1570.8239202790799
1678154449516,1572.5027518566674
1678158073716,1576.685953378016
1678161715571,1576.7136915702993
1678165317203,1575.8049504466023
1678168963509,1575.1721788353111
1678172549246,1573.9869348589655
1678176185942,1573.447564984401
1678179603877,1570.816332271578
1678183225730,1567.4610394408348
1678186920957,1567.1417045717267
1678190569174,1565.523282056601
1678194114186,1567.6463752968039
1678197609643,1567.0399873040624
1678201290585,1565.4641025515546
1678204906316,1563.3675774984963
1678208468276,1553.7770538474742
1678212123533,1562.7147729608419
1678215689316,1555.9484419256814
1678219256539,1557.101455214758
1678222853391,1548.0874293579311
1678226532283,1552.51113827849
1678230126486,1550.8986703161006
1678233793788,1563.8131822475007
1678237287310,1569.9048123282253
1678240926074,1562.4134456455338
1678244433908,1561.7731204882828
1678248120555,1562.2478998767415
1678251779254,1562.6547728756898
1678255241419,1552.1440395717532
1678258862942,1554.087337322012
1678262522675,1554.2179960767423
1678266022458,1553.9541236772243
1678269728533,1556.5595706836807
1678273231531,1559.6875680287244
1678276853833,1558.5674617718164
1678280553509,1554.352701875006
1678284177205,1550.8516816269353
1678287608347,1550.54784251475
1678291327008,1559.6596504902227
1678294898612,1562.4029578073562
1678298424432,1556.2427389251668
1678302011125,1553.423419221775
1678305771014,1553.7149092347202
1678309334910,1560.10844663362
1678312913586,1553.0071261629348
1678316529234,1549.6984617317116
1678320124687,1535.2602520971097
1678323694197,1535.5541331325799
1678327387580,1538.7019462457124
1678330984435,1543.5888928998963
1678334585547,1541.9335824641103
1678338231811,1539.1354974378921
1678341774197,1539.245339767223
1678345333083,1537.1346296715446
1678348861180,1539.198773821815
1678352524051,1534.622693984703
1678356136438,1532.7785479686127
1678359636187,1533.4262008538435
1678363323649,1535.373011580255
1678366965125,1533.1418921262148
1678370514938,1540.4496397593557
1678374049982,1542.1865982872591
1678377779152,1534.355187249254
1678381256344,1526.1336182760597
1678384981983,1528.7071497379586
1678388526320,1510.2916916381557
1678392073083,1490.934863164196
1678395681384,1429.3849548854982
1678399321855,1435.03577258098
1678402977245,1436.595153246096
1678406534147,1439.2659644837568
1678410109750,1426.4665490666848
1678413627107,1432.0089641631662
1678417326520,1426.37502198223
1678420930925,1429.1429210809492
1678424526377,1417.9728286736424
1678428188246,1421.2783194479164
1678431703196,1410.9383859291663
1678435387751,1409.7491446294089
1678438805161,1411.9078983621957
1678442515361,1403.8932485119146
1678446193945,1379.4262305098307
1678449728045,1389.1009383529267
1678453324028,1400.7452806485592
1678456969591,1418.1705278527213
1678460526186,1394.8888860636803
1678464134231,1415.1924777565835
1678467656658,1415.6457008377395
1678471389033,1412.5489164623123
1678474850594,1404.7396814576412
1678478496123,1421.829250374905
1678482177279,1418.8032308018685
1678485725852,1427.8258195447204
1678489367401,1425.98052785529
1678492929302,1428.3806551503749
1678496425321,1438.8450347189798
1678500132121,1468.630438768973
1678503647393,1466.8201659699464
1678507388777,1458.3013891719932
1678510815647,1461.3424106942657
1678514522524,1464.763018229243
1678518051838,1457.9952211151024
1678521735318,1435.7849220083574
1678525250447,1438.674872437132
1678528898915,1439.0176893974492
1678532463088,1429.7516785489192
1678536097989,1425.4096462704924
1678539671082,1427.929432000778
1678543333095,1435.3815826474233
1678546915503,1435.4047758989848
1678550404338,1432.8193954995222
1678554132954,1435.7433073403092
1678557629694,1446.9698631178624
1678561279873,1462.513988586371
1678564881144,1451.6664265978216
1678568492956,1471.077341035421
1678572065012,1468.825692214747
1678575672238,1463.4049627202164
1678579315631,1474.40324440156
1678582929835,1469.3914814491138
1678586448464,1465.2347260491388
1678590133671,1465.0630400556042
1678593634624,1467.819715350935
1678597271758,1467.0465675214919
1678600929962,1466.922581343339
1678604530045,1464.8798208225921
1678608176042,1462.3881034852327
1678611730941,1465.7087569867172
1678615320011,1463.1724622789673
1678618949941,1466.4088821204057
1678622528731,1466.9574806613377
1678626192643,1460.1470375262072
1678629663258,1464.005759975424
1678633235285,1457.1529855102508
1678636930163,1459.3448146813894
1678640484364,1477.1450219162323
1678644113675,1524.9062539581294
1678647719947,1554.4174246252544
1678651354830,1536.4919907896838
1678654804616,1547.4725821364132
1678658453544,1550.3518109943398
1678662011928,1577.2482803610608
1678665729877,1588.1968020530471
1678669291670,1615.760021650818
1678672982659,1612.402062216564
1678676467574,1599.5533248972183
1678680125149,1596.0620805708202
1678683726236,1599.249754723659
1678687332843,1601.2698528203362
1678690924967,1605.2992189270813
1678694447561,1610.450282918626
1678698125830,1592.4621066696197
1678701832210,1578.831989541292
1678705247627,1591.3302372818246
1678708928707,1584.3283491868115
1678712558716,1580.8604612259835
1678716108297,1605.2167039142573
1678719780020,1660.7308384205455
1678723201100,1676.2243726127992
1678726820052,1671.5077873951902
1678730523336,1680.5243617062786
1678734120158,1686.0603777966244
1678737714399,1686.6382899406437
1678741292844,1673.05796698
1678744931950,1673.890688305657
1678748420459,1682.4226567655041
1678752117343,1678.915634393308
1678755721930,1676.0017279566505
1678759313037,1680.497105015605
1678762922065,1675.7549964053126
1678766546637,1684.5824603657109
1678770107080,1681.406349007593
1678773625755,1676.3263578619044
1678777375171,1678.7993110571012
1678780933641,1675.963139823613
1678784421094,1671.7001403252973
1678788130232,1672.1196671569105
1678791703020,1691.5514037359703
1678795384037,1693.8239060773867
1678798824989,1731.2897787591644
1678802896740,1731.8111974475696
1678806494072,1764.7399465000665
1678810202139,1773.865028511907
1678813557099,1765.2565165167268
1678816999100,1756.4003051949876
1678820412285,1731.8391549171217
1678824096671,1714.6719445263986
1678827714764,1705.7382043421662
1678831323100,1701.7599578432012
1678834913469,1705.7174478119925
1678838492810,1704.5998680248742
1678842005506,1701.289406994824
1678845711508,1716.0252269128096
1678849288829,1718.1700957189005
1678852805036,1708.41706931218
1678856497514,1709.755212422068
1678860070776,1705.7260424574954
1678863627298,1710.108623429928
1678863652000,1711.8866452241457
1678867317625,1711.5404087892002
1678867928000,1709.7776977262772
1678870902149,1706.2334062924297
1678871510000,1705.5185197614376
1678874523675,1697.0988920488785
1678875155000,1698.486205465485
1678878111915,1691.1811609535823
1678878990000,1683.5033726975348
1678881606584,1689.449320813048
1678882679000,1678.6777774280745
1678885216863,1685.103741989962
1678888912681,1685.2231301178056
1678892517533,1657.933389842489
1678896181483,1639.6729402336914
1678899675520,1628.9050673411314
1678903274748,1636.2587643716647
1678906809228,1646.9361921654408
1678910522631,1651.7704204463462
1678914040992,1657.6440361794514
1678917637016,1663.3401894247875
1678921347963,1659.4899771600421
1678924932552,1658.0701085663115
1678928439837,1653.5931698227853
1678930176000,1651.6367055856736
1678932090348,1654.5970853105212
1678933796000,1660.9468505992957
1678935715278,1660.8107159714768
1678937827000,1652.214328418226
1678939229769,1653.5533670430211
1678942928427,1647.1984425766318
1678946453297,1651.7611644972433
1678949381000,1654.7524934714231
1678950125531,1660.224906400703
1678953704850,1661.8542941583223
1678953969000,1662.9941235853173
1678957326671,1660.0493821092934
1678957572000,1661.1362050110738
1678960845955,1661.027953969424
1678961557000,1665.1434038646476
1678964517231,1671.182601905137
1678965186000,1666.446455593854
1678968104681,1668.2758352120013
1678971666649,1655.7836184120936
1678975204356,1658.9682851819557
1678978920101,1666.288027111294
1678982470346,1668.6920438332031
1678986004171,1667.571611421856
1678989676259,1663.7960875769081
1678993260247,1666.7211657192047
1678996885594,1685.1381050586044
1679000404247,1666.216934660679
1679004121301,1679.820306222987
1679007691148,1678.7311711887414
1679011378053,1679.876421733345
1679014873256,1671.6914714448603
1679018404859,1698.0192713884744
1679022120348,1714.5602841985485
1679025719345,1713.2246351223607
1679029218203,1713.7797754776716
1679032820642,1711.258041192695
1679036415641,1737.0337012698105
1679040068983,1727.5900998737054
1679043658016,1726.8754272267356
1679047323731,1733.8113969969127
1679047582000,1736.1946249934788
1679050856901,1753.54995687811
1679054427315,1767.6014382880567
1679058117331,1749.3681572206783
1679061649831,1742.6421454098693
1679065332906,1718.9114885693875
1679068920095,1725.2835150876954
1679072488499,1723.0688818419815
1679076161970,1733.4370158214356
1679079711261,1738.529498073516
1679083379475,1747.3415586706587
1679086802252,1747.9621279641794
1679090411529,1762.5235272596492
1679094017264,1784.96365640926
1679097636254,1792.747003512616
1679101279597,1813.0603207256454
1679104912713,1823.0975564450246
1679108531111,1815.598227048643
1679112125300,1820.764028746166
1679115775782,1815.7782079536955
1679119246993,1827.605182021023
1679122831945,1819.7806552149677
1679126418041,1823.7869339724523
1679130064414,1817.0668749658773
1679133732091,1820.8874532464777
1679137271916,1826.453034287694
1679140924392,1822.337060523174
1679144532470,1836.5421666131188
1679148015596,1827.9177144859068
1679151618514,1826.1659300213228
1679155331090,1800.149924154797
1679158921870,1801.4861125468744
1679162519033,1793.5885013322506
1679166002535,1798.5222330747017
1679169690185,1801.1180911787767
1679173260027,1804.0296394003087
1679176933158,1793.267258699723
1679180400809,1778.2247654402267
1679184129702,1770.2748471534
1679187630573,1787.0146967403243
1679191239408,1791.1725745223705
1679194824470,1791.0598187454289
1679198401378,1794.119500336459
1679202030751,1790.8021872148333
1679205628369,1789.1398134844903
1679209238912,1783.6374447869275
1679212857218,1784.8128733573794
1679216405610,1789.38664510845
1679220043068,1789.383513801634
1679223636991,1786.5439763555185
1679227273651,1796.2466342221162
1679230807362,1794.3539909491346
1679234477528,1787.2469828081298
1679238065590,1797.5575986041492
1679241699170,1808.8362163567458
1679245214356,1830.5335018806325
1679248801200,1822.0383204837094
1679252438130,1827.3884510915173
1679256047519,1830.924557941697
1679259676432,1804.870678723709
1679263321611,1806.6241546992073
1679266807618,1816.0450254891662
1679270519136,1790.5505591207502
1679274009606,1784.540342280624
1679277609914,1783.3388153311203
1679281273466,1775.8257055685783
1679284903428,1752.2686312563392
1679288407797,1763.758850747634
1679292094838,1766.7326839093453
1679294934000,1767.182063632831
1679295614907,1775.0980080348359
1679299251648,1799.9349684909787
1679301212000,1798.5207308343156
1679302837435,1799.4552226798853
1679305029000,1793.383424521622
1679306508282,1793.1134991686947
1679309104000,1791.5373134207975
1679310121125,1785.9366067159667
1679313627580,1792.2548089481556
1679317279942,1794.755679733998
1679320901968,1769.0087148568302
1679324405609,1778.6504803236828
1679328107075,1780.5360636503844
1679331614260,1764.8547365498187
1679335201697,1770.6374531765418
1679338813325,1778.14097189806
1679342461178,1766.4359467219456
1679346064784,1772.686615117426
1679349650091,1768.7570886997669
1679353244654,1764.650725235274
1679356861227,1747.0225170150184
1679360472600,1765.3051958242388
1679364060759,1766.119064079616
1679367176000,1764.81661726107
1679367725425,1763.9631382500604
1679370992000,1757.3540887776696
1679371239997,1756.8520349437738
1679374835248,1763.040466092979
1679377649000,1752.5527308018059
1679378553531,1752.585458688825
1679382165164,1754.3698292459162
1679384138000,1744.6039750229615
1679385618445,1744.544276994278
1679389339526,1750.3121437111338
1679390788000,1749.7846330444156
